Feature,Active_Mean,Inactive_Mean,P-Value
Bio_F_Count,0.4071914480077745,0.22012890431333665,4.8354063544542613e-08
Bio_Heavy_Atoms,23.06997084548105,16.127416955875063,7.877020365177209e-115
Bio_MW,356.383351797862,244.1198575442076,2.915128900739731e-138
